{"(1, 0)": {"quality": 94.53333333333335, "diversity": 0.8288928351685018}, "(1, 1)": {"quality": 93.60000000000001, "diversity": 0.837231030363697}, "(1, 2)": {"quality": 89.76666666666667, "diversity": 0.8537376329662996}, "(2, 4)": {"quality": 81.76666666666667, "diversity": 0.8754752225785566}, "(3, 4)": {"quality": 73.26666666666667, "diversity": 0.8865044214960266}, "(3, 5)": {"quality": 56.43333333333334, "diversity": 0.9015777314677272}, "(3, 6)": {"quality": 41.300000000000004, "diversity": 0.916078711846875}}