{"(1, 0)": {"quality": 95.3, "diversity": 0.8284064064064064}, "(1, 1)": {"quality": 93.7, "diversity": 0.8372040000000001}, "(1, 2)": {"quality": 89.4, "diversity": 0.8524034034034034}, "(2, 4)": {"quality": 81.2, "diversity": 0.8758328298086606}, "(3, 4)": {"quality": 75.0, "diversity": 0.8849025906735751}, "(3, 5)": {"quality": 57.49999999999999, "diversity": 0.9013997760358343}, "(3, 6)": {"quality": 42.199999999999996, "diversity": 0.9150960099750622}}