{"(1, 0)": {"quality": 93.4, "diversity": 0.828173}, "(1, 1)": {"quality": 93.89999999999999, "diversity": 0.8363979999999999}, "(1, 2)": {"quality": 89.4, "diversity": 0.8544954954954954}, "(2, 4)": {"quality": 82.3, "diversity": 0.8758180904522613}, "(3, 4)": {"quality": 71.5, "diversity": 0.8882989583333334}, "(3, 5)": {"quality": 57.3, "diversity": 0.9015375000000001}, "(3, 6)": {"quality": 40.400000000000006, "diversity": 0.9161799265605876}}