{"(1, 0)": {"quality": 94.89999999999999, "diversity": 0.8300990990990991}, "(1, 1)": {"quality": 93.2, "diversity": 0.838091091091091}, "(1, 2)": {"quality": 90.5, "diversity": 0.854314}, "(2, 4)": {"quality": 81.8, "diversity": 0.8747747474747475}, "(3, 4)": {"quality": 73.3, "diversity": 0.8863117154811716}, "(3, 5)": {"quality": 54.50000000000001, "diversity": 0.901795918367347}, "(3, 6)": {"quality": 41.3, "diversity": 0.9169601990049752}}