{"(1, 0)": {"quality": 1.0016652800877754, "diversity": 0.0010511537186980763}, "(1, 1)": {"quality": 0.3605551275463942, "diversity": 0.0008468691404840911}, "(1, 2)": {"quality": 0.6350852961085851, "diversity": 0.0011590347486598411}, "(2, 4)": {"quality": 0.5507570547286073, "diversity": 0.0006066739984941939}, "(3, 4)": {"quality": 1.7502380790433436, "diversity": 0.0017063645642663675}, "(3, 5)": {"quality": 1.6772994167212094, "diversity": 0.00020111219493275487}, "(3, 6)": {"quality": 0.899999999999995, "diversity": 0.0009362069741867222}}