{"(1, 0)": {"quality": 77.3, "diversity": 0.8758997975708503}, "(1, 1)": {"quality": 74.3, "diversity": 0.8785796370967741}, "(1, 2)": {"quality": 65.9, "diversity": 0.8848854166666666}, "(2, 4)": {"quality": 47.099999999999994, "diversity": 0.8955065645514223}, "(3, 4)": {"quality": 37.9, "diversity": 0.9014994337485843}, "(3, 5)": {"quality": 32.800000000000004, "diversity": 0.9034716748768473}, "(3, 6)": {"quality": 28.1, "diversity": 0.9063016270337924}}