{"(1, 0)": {"quality": 1.2055427546683446, "diversity": 0.0015832668537898874}, "(1, 1)": {"quality": 1.6822603841260733, "diversity": 0.0008496656618081927}, "(1, 2)": {"quality": 2.4020824298928583, "diversity": 0.0007636123572673943}, "(2, 4)": {"quality": 2.0840665376454086, "diversity": 0.00037764080870718325}, "(3, 4)": {"quality": 1.3576941236277522, "diversity": 0.0009146086002750062}, "(3, 5)": {"quality": 1.2489995996796797, "diversity": 0.0017900235635911642}, "(3, 6)": {"quality": 0.6110100926607769, "diversity": 0.0003968527644923302}}