{"(1, 0)": {"quality": 76.3, "diversity": 0.8787525150905433}, "(1, 1)": {"quality": 73.6, "diversity": 0.8790857142857145}, "(1, 2)": {"quality": 64.8, "diversity": 0.8838090815273478}, "(2, 4)": {"quality": 43.0, "diversity": 0.8953322033898305}, "(3, 4)": {"quality": 35.5, "diversity": 0.9020199999999999}, "(3, 5)": {"quality": 33.4, "diversity": 0.9029651022864019}, "(3, 6)": {"quality": 29.299999999999997, "diversity": 0.9070455104551045}}