{"(1, 0)": {"quality": 77.43333333333334, "diversity": 0.8769294050994368}, "(1, 1)": {"quality": 74.89999999999999, "diversity": 0.8793009716114217}, "(1, 2)": {"quality": 66.7, "diversity": 0.8846600213779287}, "(2, 4)": {"quality": 44.833333333333336, "diversity": 0.8956315255324298}, "(3, 4)": {"quality": 36.333333333333336, "diversity": 0.902265932107228}, "(3, 5)": {"quality": 32.400000000000006, "diversity": 0.9042414608193582}, "(3, 6)": {"quality": 28.633333333333336, "diversity": 0.9067534675983397}}