{"(1, 0)": {"quality": 78.7, "diversity": 0.8761359026369169}, "(1, 1)": {"quality": 76.8, "diversity": 0.8802375634517766}, "(1, 2)": {"quality": 69.39999999999999, "diversity": 0.8852855659397715}, "(2, 4)": {"quality": 44.4, "diversity": 0.8960558086560365}, "(3, 4)": {"quality": 35.6, "diversity": 0.9032783625730996}, "(3, 5)": {"quality": 31.0, "diversity": 0.9062876052948255}, "(3, 6)": {"quality": 28.499999999999996, "diversity": 0.9069132653061224}}