{"(1, 0)": {"quality": 64.16666666666667, "diversity": 0.8796394307587153}, "(1, 1)": {"quality": 59.633333333333326, "diversity": 0.882286538891393}, "(1, 2)": {"quality": 45.06666666666666, "diversity": 0.8899025927406816}, "(2, 4)": {"quality": 13.033333333333333, "diversity": 0.9022247726473925}, "(3, 4)": {"quality": 6.066666666666666, "diversity": 0.9045991935097306}, "(3, 5)": {"quality": 3.6, "diversity": 0.9053583266911102}, "(3, 6)": {"quality": 2.0, "diversity": 0.9050005159958721}}