{"(1, 0)": {"quality": 0.6806859285554074, "diversity": 0.0008676453728337826}, "(1, 1)": {"quality": 1.5567059238447531, "diversity": 0.0014824250923521414}, "(1, 2)": {"quality": 0.6027713773341723, "diversity": 0.0010658066510194392}, "(2, 4)": {"quality": 0.4725815626252612, "diversity": 0.00045844868553543026}, "(3, 4)": {"quality": 0.5507570547286105, "diversity": 0.0006330641469470982}, "(3, 5)": {"quality": 0.6557438524302, "diversity": 0.006413537900650225}, "(3, 6)": {"quality": 0.8717797887081347, "diversity": 0.009455707251877589}}