{"(1, 0)": {"quality": 64.7, "diversity": 0.8787277051129607}, "(1, 1)": {"quality": 59.8, "diversity": 0.8813129675810475}, "(1, 2)": {"quality": 45.7, "diversity": 0.8898037249283669}, "(2, 4)": {"quality": 13.4, "diversity": 0.9018996415770609}, "(3, 4)": {"quality": 6.6000000000000005, "diversity": 0.9049374999999998}, "(3, 5)": {"quality": 3.0, "diversity": 0.9111707317073172}, "(3, 6)": {"quality": 1.4000000000000001, "diversity": 0.9147368421052631}}