{"(1, 0)": {"quality": 77.0, "diversity": 0.8767533798864346}, "(1, 1)": {"quality": 75.2, "diversity": 0.880204224111139}, "(1, 2)": {"quality": 64.06666666666668, "diversity": 0.8863938351554177}, "(2, 4)": {"quality": 42.9, "diversity": 0.8976723174353202}, "(3, 4)": {"quality": 35.0, "diversity": 0.9013177314761638}, "(3, 5)": {"quality": 30.3, "diversity": 0.9043827334583471}, "(3, 6)": {"quality": 26.366666666666664, "diversity": 0.9067924862126437}}