{"(1, 0)": {"quality": 77.60000000000001, "diversity": 0.8764048830111903}, "(1, 1)": {"quality": 76.0, "diversity": 0.8781141692150866}, "(1, 2)": {"quality": 63.5, "diversity": 0.8876145833333333}, "(2, 4)": {"quality": 44.6, "diversity": 0.8972419724770642}, "(3, 4)": {"quality": 33.300000000000004, "diversity": 0.9028157560355783}, "(3, 5)": {"quality": 28.1, "diversity": 0.90414266487214}, "(3, 6)": {"quality": 26.5, "diversity": 0.9077837465564738}}