{"(1, 0)": {"quality": 77.7, "diversity": 0.8776704081632652}, "(1, 1)": {"quality": 75.1, "diversity": 0.8811930894308944}, "(1, 2)": {"quality": 63.6, "diversity": 0.8880083160083159}, "(2, 4)": {"quality": 39.7, "diversity": 0.8982116959064329}, "(3, 4)": {"quality": 35.4, "diversity": 0.90014598540146}, "(3, 5)": {"quality": 31.7, "diversity": 0.9045767790262172}, "(3, 6)": {"quality": 25.8, "diversity": 0.9066447187928669}}