{"(1, 0)": {"quality": 1.126942766958466, "diversity": 0.000801753979457383}, "(1, 1)": {"quality": 0.7549834435270754, "diversity": 0.001810911727842257}, "(1, 2)": {"quality": 0.8962886439832547, "diversity": 0.002463259851845496}, "(2, 4)": {"quality": 2.773084924772408, "diversity": 0.0004939707608362326}, "(3, 4)": {"quality": 1.5394804318340616, "diversity": 0.0013644640145086284}, "(3, 5)": {"quality": 1.9287301521985902, "diversity": 0.00022068611953445823}, "(3, 6)": {"quality": 0.5131601439446882, "diversity": 0.0009262593029290632}}