{"(1, 0)": {"quality": 63.4, "diversity": 0.8804549819927971}, "(1, 1)": {"quality": 61.1, "diversity": 0.8839926289926291}, "(1, 2)": {"quality": 44.5, "diversity": 0.8888896648044692}, "(2, 4)": {"quality": 13.200000000000001, "diversity": 0.9027491289198608}, "(3, 4)": {"quality": 5.5, "diversity": 0.9049912280701755}, "(3, 5)": {"quality": 4.3, "diversity": 0.8984777777777778}, "(3, 6)": {"quality": 3.0, "diversity": 0.9044117647058825}}