{"(1, 0)": {"quality": 64.4, "diversity": 0.8797356051703877}, "(1, 1)": {"quality": 57.99999999999999, "diversity": 0.8815540201005025}, "(1, 2)": {"quality": 45.0, "diversity": 0.8910143884892087}, "(2, 4)": {"quality": 12.5, "diversity": 0.9020255474452555}, "(3, 4)": {"quality": 6.1, "diversity": 0.9038688524590166}, "(3, 5)": {"quality": 3.5000000000000004, "diversity": 0.9064264705882356}, "(3, 6)": {"quality": 1.6, "diversity": 0.8958529411764706}}