{"(1, 0)": {"quality": 75.7, "diversity": 0.8761848484848485}, "(1, 1)": {"quality": 74.5, "diversity": 0.8813054136874362}, "(1, 2)": {"quality": 65.10000000000001, "diversity": 0.883558606124604}, "(2, 4)": {"quality": 44.4, "diversity": 0.897563283922463}, "(3, 4)": {"quality": 36.3, "diversity": 0.900991452991453}, "(3, 5)": {"quality": 31.1, "diversity": 0.9044287564766839}, "(3, 6)": {"quality": 26.8, "diversity": 0.9059489932885906}}